b,c,d,UNKNOWN COL.,
b,c,d,UNKNOWN COL.,
-10000000.997497,0.170019,0.64568,0.421003,
0.127171,-0.0402539,0.49321,0.0270699,
-0.613392,-0.299417,-0.651784,-0.39201,
0.617481,0.791925,0.717887,-0.970031,
